8.062348E-01,4.191362E-01,-1.120833E-01,-4.561150E-01,-6.188300E-01,-5.133140E-01,-1.328714E-01,-4.569116E-01,-2.998234E-01,4.320507E-02,2.381419E-01,3.179085E-01,7.853003E-01,8.551675E-01
8.040091E-01,4.197212E-01,-1.129025E-01,-4.600162E-01,-6.236414E-01,-5.162206E-01,-1.313924E-01,-4.555254E-01,-3.024720E-01,4.370075E-02,2.405544E-01,3.198009E-01,7.722182E-01,8.402368E-01
8.017150E-01,4.202643E-01,-1.137279E-01,-4.639708E-01,-6.285015E-01,-5.191222E-01,-1.299111E-01,-4.540679E-01,-3.051570E-01,4.420775E-02,2.430114E-01,3.216935E-01,7.592895E-01,8.254812E-01
7.993505E-01,4.207638E-01,-1.145593E-01,-4.679794E-01,-6.334100E-01,-5.220169E-01,-1.284274E-01,-4.525376E-01,-3.078787E-01,4.472648E-02,2.455140E-01,3.235850E-01,7.465142E-01,8.109007E-01
7.969132E-01,4.212175E-01,-1.153965E-01,-4.720425E-01,-6.383664E-01,-5.249024E-01,-1.269414E-01,-4.509333E-01,-3.106373E-01,4.525733E-02,2.480632E-01,3.254743E-01,7.338924E-01,7.964953E-01
7.944010E-01,4.216235E-01,-1.162393E-01,-4.761608E-01,-6.433702E-01,-5.277762E-01,-1.254530E-01,-4.492534E-01,-3.134331E-01,4.580073E-02,2.506602E-01,3.273599E-01,7.214239E-01,7.822649E-01
7.918114E-01,4.219797E-01,-1.170874E-01,-4.803348E-01,-6.484206E-01,-5.306359E-01,-1.239624E-01,-4.474965E-01,-3.162662E-01,4.635712E-02,2.533060E-01,3.292403E-01,7.091088E-01,7.682097E-01
7.891420E-01,4.222840E-01,-1.179405E-01,-4.845651E-01,-6.535170E-01,-5.334786E-01,-1.224694E-01,-4.456611E-01,-3.191368E-01,4.692696E-02,2.560019E-01,3.311139E-01,6.969472E-01,7.543295E-01
7.863902E-01,4.225342E-01,-1.187982E-01,-4.888522E-01,-6.586583E-01,-5.363014E-01,-1.209743E-01,-4.437460E-01,-3.220450E-01,4.751074E-02,2.587488E-01,3.329789E-01,6.849390E-01,7.406244E-01
7.835535E-01,4.227278E-01,-1.196601E-01,-4.931964E-01,-6.638434E-01,-5.391012E-01,-1.194768E-01,-4.417496E-01,-3.249907E-01,4.810896E-02,2.615481E-01,3.348336E-01,6.730842E-01,7.270945E-01
7.806291E-01,4.228626E-01,-1.205260E-01,-4.975984E-01,-6.690713E-01,-5.418748E-01,-1.179772E-01,-4.396704E-01,-3.279740E-01,4.872216E-02,2.644009E-01,3.366760E-01,6.613828E-01,7.137396E-01
7.776142E-01,4.229360E-01,-1.213952E-01,-5.020584E-01,-6.743404E-01,-5.446186E-01,-1.164755E-01,-4.375072E-01,-3.309948E-01,4.935089E-02,2.673083E-01,3.385040E-01,6.498348E-01,7.005598E-01
8.003712E-01,4.075379E-01,-1.295544E-01,-4.718508E-01,-6.312292E-01,-5.187094E-01,-1.329792E-01,-4.572876E-01,-2.915686E-01,5.455888E-02,2.474007E-01,3.215029E-01,7.936011E-01,8.602660E-01
7.980912E-01,4.080890E-01,-1.304987E-01,-4.758368E-01,-6.360392E-01,-5.215553E-01,-1.314993E-01,-4.559420E-01,-2.941852E-01,5.518310E-02,2.498747E-01,3.233601E-01,7.805189E-01,8.453353E-01
7.957421E-01,4.085986E-01,-1.314501E-01,-4.798759E-01,-6.408948E-01,-5.243931E-01,-1.300170E-01,-4.545250E-01,-2.968393E-01,5.582153E-02,2.523932E-01,3.252155E-01,7.675902E-01,8.305797E-01
7.933219E-01,4.090648E-01,-1.324085E-01,-4.839686E-01,-6.457955E-01,-5.272208E-01,-1.285323E-01,-4.530352E-01,-2.995310E-01,5.647465E-02,2.549573E-01,3.270679E-01,7.548150E-01,8.159992E-01
7.908281E-01,4.094858E-01,-1.333736E-01,-4.881155E-01,-6.507405E-01,-5.300358E-01,-1.270452E-01,-4.514711E-01,-3.022609E-01,5.714297E-02,2.575680E-01,3.289158E-01,7.421931E-01,8.015937E-01
7.882587E-01,4.098596E-01,-1.343451E-01,-4.923171E-01,-6.557292E-01,-5.328356E-01,-1.255558E-01,-4.498313E-01,-3.050291E-01,5.782701E-02,2.602262E-01,3.307577E-01,7.297246E-01,7.873634E-01
7.856112E-01,4.101840E-01,-1.353226E-01,-4.965739E-01,-6.607606E-01,-5.356177E-01,-1.240641E-01,-4.481143E-01,-3.078361E-01,5.852733E-02,2.629330E-01,3.325921E-01,7.174096E-01,7.733081E-01
7.828833E-01,4.104571E-01,-1.363059E-01,-5.008863E-01,-6.658337E-01,-5.383791E-01,-1.225701E-01,-4.463186E-01,-3.106820E-01,5.924449E-02,2.656896E-01,3.344174E-01,7.052479E-01,7.594280E-01
7.800723E-01,4.106765E-01,-1.372946E-01,-5.052547E-01,-6.709474E-01,-5.411167E-01,-1.210739E-01,-4.444428E-01,-3.135671E-01,5.997911E-02,2.684968E-01,3.362317E-01,6.932397E-01,7.457229E-01
7.771757E-01,4.108401E-01,-1.382882E-01,-5.096795E-01,-6.761004E-01,-5.438274E-01,-1.195754E-01,-4.424854E-01,-3.164915E-01,6.073181E-02,2.713559E-01,3.380330E-01,6.813849E-01,7.321929E-01
7.741908E-01,4.109454E-01,-1.392862E-01,-5.141611E-01,-6.812912E-01,-5.465078E-01,-1.180747E-01,-4.404449E-01,-3.194553E-01,6.150325E-02,2.742679E-01,3.398195E-01,6.696835E-01,7.188381E-01
7.711148E-01,4.109901E-01,-1.402882E-01,-5.186997E-01,-6.865181E-01,-5.491541E-01,-1.165719E-01,-4.383200E-01,-3.224586E-01,6.229413E-02,2.772339E-01,3.415888E-01,6.581355E-01,7.056583E-01
7.945027E-01,3.959178E-01,-1.469430E-01,-4.873023E-01,-6.432894E-01,-5.238944E-01,-1.330868E-01,-4.576242E-01,-2.831338E-01,6.586500E-02,2.564874E-01,3.249621E-01,8.020550E-01,8.655406E-01
7.921696E-01,3.964362E-01,-1.480108E-01,-4.913659E-01,-6.480906E-01,-5.266767E-01,-1.316059E-01,-4.563198E-01,-2.857137E-01,6.661610E-02,2.590178E-01,3.267820E-01,7.889728E-01,8.506099E-01
7.897667E-01,3.969135E-01,-1.490868E-01,-4.954821E-01,-6.529340E-01,-5.294479E-01,-1.301226E-01,-4.549441E-01,-2.883317E-01,6.738421E-02,2.615926E-01,3.285982E-01,7.760441E-01,8.358543E-01
7.872920E-01,3.973479E-01,-1.501706E-01,-4.996514E-01,-6.578190E-01,-5.322055E-01,-1.286369E-01,-4.534954E-01,-2.909883E-01,6.816990E-02,2.642127E-01,3.304093E-01,7.632689E-01,8.212737E-01
7.847431E-01,3.977376E-01,-1.512620E-01,-5.038742E-01,-6.627446E-01,-5.349471E-01,-1.271488E-01,-4.519723E-01,-2.936840E-01,6.897377E-02,2.668790E-01,3.322137E-01,7.506470E-01,8.068683E-01
7.821179E-01,3.980806E-01,-1.523605E-01,-5.081511E-01,-6.677100E-01,-5.376701E-01,-1.256584E-01,-4.503733E-01,-2.964193E-01,6.979644E-02,2.695925E-01,3.340100E-01,7.381785E-01,7.926380E-01
7.794140E-01,3.983748E-01,-1.534660E-01,-5.124822E-01,-6.727139E-01,-5.403717E-01,-1.241656E-01,-4.486969E-01,-2.991944E-01,7.063858E-02,2.723542E-01,3.357965E-01,7.258635E-01,7.785827E-01
7.766290E-01,3.986183E-01,-1.545780E-01,-5.168681E-01,-6.777553E-01,-5.430489E-01,-1.226706E-01,-4.469416E-01,-3.020098E-01,7.150086E-02,2.751651E-01,3.375714E-01,7.137018E-01,7.647025E-01
7.737603E-01,3.988088E-01,-1.556960E-01,-5.213091E-01,-6.828326E-01,-5.456987E-01,-1.211733E-01,-4.451060E-01,-3.048657E-01,7.238399E-02,2.780260E-01,3.393329E-01,7.016936E-01,7.509975E-01
7.708056E-01,3.989441E-01,-1.568196E-01,-5.258053E-01,-6.879444E-01,-5.483175E-01,-1.196738E-01,-4.431884E-01,-3.077625E-01,7.328872E-02,2.809380E-01,3.410790E-01,6.898388E-01,7.374675E-01
7.677619E-01,3.990219E-01,-1.579482E-01,-5.303571E-01,-6.930890E-01,-5.509020E-01,-1.181721E-01,-4.411875E-01,-3.107004E-01,7.421584E-02,2.839020E-01,3.428075E-01,6.781374E-01,7.241126E-01
7.646267E-01,3.990399E-01,-1.590814E-01,-5.349646E-01,-6.982643E-01,-5.534483E-01,-1.166681E-01,-4.391016E-01,-3.136795E-01,7.516616E-02,2.869191E-01,3.445163E-01,6.665894E-01,7.109328E-01
7.886316E-01,3.842780E-01,-1.642415E-01,-5.024643E-01,-6.550110E-01,-5.288724E-01,-1.331942E-01,-4.579199E-01,-2.745217E-01,7.711461E-02,2.653985E-01,3.282878E-01,8.106620E-01,8.709912E-01
7.862465E-01,3.847649E-01,-1.654313E-01,-5.065983E-01,-6.597960E-01,-5.315884E-01,-1.317123E-01,-4.566575E-01,-2.770598E-01,7.799062E-02,2.679802E-01,3.300686E-01,7.975799E-01,8.560605E-01
7.837911E-01,3.852113E-01,-1.666302E-01,-5.107842E-01,-6.646198E-01,-5.342901E-01,-1.302280E-01,-4.553236E-01,-2.796368E-01,7.888634E-02,2.706059E-01,3.318437E-01,7.846512E-01,8.413049E-01
7.812631E-01,3.856153E-01,-1.678377E-01,-5.150225E-01,-6.694814E-01,-5.369749E-01,-1.287413E-01,-4.539168E-01,-2.822531E-01,7.980244E-02,2.732764E-01,3.336115E-01,7.718759E-01,8.267244E-01
7.786605E-01,3.859750E-01,-1.690536E-01,-5.193134E-01,-6.743798E-01,-5.396405E-01,-1.272522E-01,-4.524354E-01,-2.849094E-01,8.073961E-02,2.759927E-01,3.353706E-01,7.592540E-01,8.123189E-01
7.759809E-01,3.862887E-01,-1.702776E-01,-5.236573E-01,-6.793139E-01,-5.422839E-01,-1.257608E-01,-4.508780E-01,-2.876060E-01,8.169855E-02,2.787555E-01,3.371193E-01,7.467856E-01,7.980886E-01
7.732220E-01,3.865543E-01,-1.715093E-01,-5.280545E-01,-6.842822E-01,-5.449024E-01,-1.242670E-01,-4.492430E-01,-2.903435E-01,8.268002E-02,2.815659E-01,3.388560E-01,7.344705E-01,7.840333E-01
7.703815E-01,3.867698E-01,-1.727481E-01,-5.325053E-01,-6.892835E-01,-5.474929E-01,-1.227709E-01,-4.475289E-01,-2.931224E-01,8.368480E-02,2.844246E-01,3.405787E-01,7.223089E-01,7.701532E-01
7.674569E-01,3.869331E-01,-1.739938E-01,-5.370099E-01,-6.943160E-01,-5.500521E-01,-1.212726E-01,-4.457342E-01,-2.959430E-01,8.471370E-02,2.873325E-01,3.422856E-01,7.103007E-01,7.564481E-01
7.644456E-01,3.870420E-01,-1.752456E-01,-5.415684E-01,-6.993780E-01,-5.525766E-01,-1.197720E-01,-4.438573E-01,-2.988059E-01,8.576760E-02,2.902906E-01,3.439746E-01,6.984458E-01,7.429181E-01
7.613450E-01,3.870942E-01,-1.765032E-01,-5.461810E-01,-7.044675E-01,-5.550628E-01,-1.182692E-01,-4.418967E-01,-3.017112E-01,8.684736E-02,2.932995E-01,3.456435E-01,6.867444E-01,7.295633E-01
7.581524E-01,3.870875E-01,-1.777657E-01,-5.508476E-01,-7.095823E-01,-5.575069E-01,-1.167642E-01,-4.398509E-01,-3.046595E-01,8.795395E-02,2.963602E-01,3.472900E-01,6.751965E-01,7.163835E-01
7.827600E-01,3.726207E-01,-1.814426E-01,-5.173320E-01,-6.663946E-01,-5.336467E-01,-1.333014E-01,-4.581735E-01,-2.657351E-01,8.829903E-02,2.741307E-01,3.314821E-01,8.194222E-01,8.766179E-01
7.803242E-01,3.730774E-01,-1.827527E-01,-5.215292E-01,-6.711564E-01,-5.362938E-01,-1.318186E-01,-4.569537E-01,-2.682267E-01,8.929769E-02,2.767585E-01,3.332221E-01,8.063401E-01,8.616872E-01
7.778174E-01,3.734940E-01,-1.840726E-01,-5.257774E-01,-6.759533E-01,-5.389234E-01,-1.303332E-01,-4.556623E-01,-2.707575E-01,9.031866E-02,2.794297E-01,3.349542E-01,7.934114E-01,8.469316E-01
7.752375E-01,3.738689E-01,-1.854020E-01,-5.300769E-01,-6.807841E-01,-5.415330E-01,-1.288455E-01,-4.542980E-01,-2.733284E-01,9.136270E-02,2.821451E-01,3.366770E-01,7.806361E-01,8.323511E-01
7.725824E-01,3.742002E-01,-1.867407E-01,-5.344280E-01,-6.856477E-01,-5.441199E-01,-1.273554E-01,-4.528590E-01,-2.759397E-01,9.243056E-02,2.849056E-01,3.383890E-01,7.680142E-01,8.179456E-01
7.698499E-01,3.744861E-01,-1.880882E-01,-5.388310E-01,-6.905428E-01,-5.466813E-01,-1.258630E-01,-4.513439E-01,-2.785922E-01,9.352305E-02,2.877119E-01,3.400884E-01,7.555458E-01,8.037153E-01
7.670376E-01,3.747246E-01,-1.894442E-01,-5.432859E-01,-6.954677E-01,-5.492143E-01,-1.243682E-01,-4.497511E-01,-2.812863E-01,9.464100E-02,2.905647E-01,3.417734E-01,7.432307E-01,7.896601E-01
7.641432E-01,3.749138E-01,-1.908081E-01,-5.477930E-01,-7.004208E-01,-5.517157E-01,-1.228711E-01,-4.480790E-01,-2.840227E-01,9.578529E-02,2.934650E-01,3.434423E-01,7.310691E-01,7.757799E-01
7.611642E-01,3.750516E-01,-1.921794E-01,-5.523523E-01,-7.054003E-01,-5.541821E-01,-1.213717E-01,-4.463260E-01,-2.868019E-01,9.695684E-02,2.964133E-01,3.450929E-01,7.190609E-01,7.620748E-01
7.580981E-01,3.751358E-01,-1.935577E-01,-5.569639E-01,-7.104041E-01,-5.566101E-01,-1.198700E-01,-4.444906E-01,-2.896244E-01,9.815659E-02,2.994104E-01,3.467232E-01,7.072061E-01,7.485448E-01
7.549424E-01,3.751644E-01,-1.949422E-01,-5.616278E-01,-7.154301E-01,-5.589958E-01,-1.183662E-01,-4.425712E-01,-2.924907E-01,9.938555E-02,3.024571E-01,3.483308E-01,6.955047E-01,7.351900E-01
7.516942E-01,3.751350E-01,-1.963323E-01,-5.663438E-01,-7.204758E-01,-5.613354E-01,-1.168601E-01,-4.405662E-01,-2.954011E-01,1.006448E-01,3.055541E-01,3.499134E-01,6.839567E-01,7.220102E-01
7.768899E-01,3.609479E-01,-1.985390E-01,-5.319012E-01,-6.774416E-01,-5.382207E-01,-1.334084E-01,-4.583834E-01,-2.567773E-01,9.940977E-02,2.826810E-01,3.345472E-01,8.283356E-01,8.824207E-01
7.744046E-01,3.613755E-01,-1.999673E-01,-5.361544E-01,-6.821731E-01,-5.407965E-01,-1.319246E-01,-4.572068E-01,-2.592175E-01,1.005285E-01,2.853497E-01,3.362445E-01,8.152535E-01,8.674900E-01
7.718477E-01,3.617637E-01,-2.014063E-01,-5.404574E-01,-6.869360E-01,-5.433516E-01,-1.304383E-01,-4.559587E-01,-2.616972E-01,1.016721E-01,2.880611E-01,3.379320E-01,8.023248E-01,8.527344E-01
7.692173E-01,3.621108E-01,-2.028557E-01,-5.448106E-01,-6.917289E-01,-5.458836E-01,-1.289495E-01,-4.546376E-01,-2.642173E-01,1.028413E-01,2.908159E-01,3.396081E-01,7.895495E-01,8.381539E-01
7.665112E-01,3.624151E-01,-2.043152E-01,-5.492139E-01,-6.965504E-01,-5.483896E-01,-1.274584E-01,-4.532417E-01,-2.667783E-01,1.040369E-01,2.936149E-01,3.412713E-01,7.769276E-01,8.237484E-01
7.637272E-01,3.626747E-01,-2.057843E-01,-5.536677E-01,-7.013989E-01,-5.508668E-01,-1.259649E-01,-4.517697E-01,-2.693810E-01,1.052599E-01,2.964587E-01,3.429198E-01,7.644591E-01,8.095181E-01
7.608630E-01,3.628877E-01,-2.072625E-01,-5.581720E-01,-7.062727E-01,-5.533121E-01,-1.244691E-01,-4.502198E-01,-2.720261E-01,1.065111E-01,2.993479E-01,3.445517E-01,7.521441E-01,7.954628E-01
7.579163E-01,3.630522E-01,-2.087495E-01,-5.627268E-01,-7.111700E-01,-5.557222E-01,-1.229710E-01,-4.485904E-01,-2.747140E-01,1.077916E-01,3.022833E-01,3.461651E-01,7.399825E-01,7.815827E-01
7.548846E-01,3.631662E-01,-2.102445E-01,-5.673320E-01,-7.160886E-01,-5.580937E-01,-1.214706E-01,-4.468800E-01,-2.774455E-01,1.091022E-01,3.052654E-01,3.477579E-01,7.279742E-01,7.678776E-01
7.517655E-01,3.632276E-01,-2.117471E-01,-5.719876E-01,-7.210264E-01,-5.604231E-01,-1.199679E-01,-4.450869E-01,-2.802213E-01,1.104442E-01,3.082949E-01,3.493279E-01,7.161194E-01,7.543476E-01
7.485563E-01,3.632343E-01,-2.132566E-01,-5.766934E-01,-7.259807E-01,-5.627065E-01,-1.184629E-01,-4.432096E-01,-2.830418E-01,1.118184E-01,3.113724E-01,3.508728E-01,7.044180E-01,7.409927E-01
7.452546E-01,3.631841E-01,-2.147721E-01,-5.814491E-01,-7.309490E-01,-5.649398E-01,-1.169558E-01,-4.412463E-01,-2.859076E-01,1.132262E-01,3.144983E-01,3.523903E-01,6.928700E-01,7.278130E-01
7.710234E-01,3.492615E-01,-2.155234E-01,-5.461681E-01,-6.881532E-01,-5.425981E-01,-1.335152E-01,-4.585483E-01,-2.476520E-01,1.104385E-01,2.910468E-01,3.374851E-01,8.374021E-01,8.883996E-01
7.684898E-01,3.496613E-01,-2.170679E-01,-5.504700E-01,-6.928478E-01,-5.451002E-01,-1.320303E-01,-4.574155E-01,-2.500358E-01,1.116746E-01,2.937513E-01,3.391381E-01,8.243200E-01,8.734689E-01
7.658842E-01,3.500223E-01,-2.186240E-01,-5.548204E-01,-6.975699E-01,-5.475788E-01,-1.305430E-01,-4.562113E-01,-2.524595E-01,1.129378E-01,2.964975E-01,3.407795E-01,8.113913E-01,8.587132E-01
7.632046E-01,3.503430E-01,-2.201913E-01,-5.592195E-01,-7.023179E-01,-5.500309E-01,-1.290533E-01,-4.549340E-01,-2.549236E-01,1.142290E-01,2.992863E-01,3.424074E-01,7.986160E-01,8.441327E-01
7.604489E-01,3.506216E-01,-2.217694E-01,-5.636673E-01,-7.070902E-01,-5.524539E-01,-1.275612E-01,-4.535821E-01,-2.574290E-01,1.155492E-01,3.021180E-01,3.440203E-01,7.859941E-01,8.297273E-01
7.576148E-01,3.508564E-01,-2.233579E-01,-5.681638E-01,-7.118850E-01,-5.548448E-01,-1.260667E-01,-4.521538E-01,-2.599764E-01,1.168993E-01,3.049934E-01,3.456163E-01,7.735257E-01,8.154969E-01
7.547003E-01,3.510454E-01,-2.249563E-01,-5.727091E-01,-7.167005E-01,-5.572003E-01,-1.245699E-01,-4.506475E-01,-2.625665E-01,1.182803E-01,3.079130E-01,3.471936E-01,7.612106E-01,8.014417E-01
7.517028E-01,3.511868E-01,-2.265640E-01,-5.773029E-01,-7.215345E-01,-5.595172E-01,-1.230707E-01,-4.490617E-01,-2.652000E-01,1.196932E-01,3.108772E-01,3.487501E-01,7.490490E-01,7.875615E-01
7.486201E-01,3.512787E-01,-2.281806E-01,-5.819452E-01,-7.263847E-01,-5.617920E-01,-1.215692E-01,-4.473947E-01,-2.678776E-01,1.211391E-01,3.138867E-01,3.502837E-01,7.370408E-01,7.738565E-01
7.454497E-01,3.513191E-01,-2.298054E-01,-5.866357E-01,-7.312487E-01,-5.640210E-01,-1.200655E-01,-4.456447E-01,-2.706001E-01,1.226191E-01,3.169418E-01,3.517922E-01,7.251860E-01,7.603265E-01
7.421890E-01,3.513058E-01,-2.314376E-01,-5.913741E-01,-7.361237E-01,-5.662003E-01,-1.185595E-01,-4.438103E-01,-2.733682E-01,1.241343E-01,3.200431E-01,3.532731E-01,7.134846E-01,7.469716E-01
7.388355E-01,3.512367E-01,-2.330764E-01,-5.961599E-01,-7.410068E-01,-5.683258E-01,-1.170513E-01,-4.418896E-01,-2.761825E-01,1.256861E-01,3.231908E-01,3.547241E-01,7.019366E-01,7.337918E-01
7.651624E-01,3.375634E-01,-2.323886E-01,-5.601291E-01,-6.985314E-01,-5.467823E-01,-1.336217E-01,-4.586666E-01,-2.383630E-01,1.213771E-01,2.992258E-01,3.402980E-01,8.466218E-01,8.945545E-01
7.625817E-01,3.379366E-01,-2.340471E-01,-5.644726E-01,-7.031827E-01,-5.492089E-01,-1.321359E-01,-4.575783E-01,-2.406858E-01,1.227274E-01,3.019609E-01,3.419054E-01,8.335397E-01,8.796238E-01
7.599287E-01,3.382717E-01,-2.357180E-01,-5.688630E-01,-7.078573E-01,-5.516087E-01,-1.306476E-01,-4.564186E-01,-2.430483E-01,1.241071E-01,3.047368E-01,3.434991E-01,8.206110E-01,8.648682E-01
7.572013E-01,3.385673E-01,-2.374009E-01,-5.733004E-01,-7.125537E-01,-5.539791E-01,-1.291569E-01,-4.551859E-01,-2.454514E-01,1.255170E-01,3.075540E-01,3.450774E-01,8.078357E-01,8.502876E-01
7.543974E-01,3.388216E-01,-2.390954E-01,-5.777848E-01,-7.172700E-01,-5.563171E-01,-1.276638E-01,-4.538785E-01,-2.478958E-01,1.269583E-01,3.104129E-01,3.466386E-01,7.952138E-01,8.358822E-01
7.515148E-01,3.390330E-01,-2.408011E-01,-5.823160E-01,-7.220043E-01,-5.586198E-01,-1.261683E-01,-4.524947E-01,-2.503822E-01,1.284318E-01,3.133141E-01,3.481808E-01,7.827454E-01,8.216519E-01
7.485514E-01,3.391995E-01,-2.425173E-01,-5.868940E-01,-7.267544E-01,-5.608838E-01,-1.246704E-01,-4.510329E-01,-2.529117E-01,1.299387E-01,3.162580E-01,3.497021E-01,7.704303E-01,8.075966E-01
7.455049E-01,3.393195E-01,-2.442436E-01,-5.915184E-01,-7.315180E-01,-5.631058E-01,-1.231702E-01,-4.494913E-01,-2.554848E-01,1.314800E-01,3.192449E-01,3.512005E-01,7.582687E-01,7.937165E-01
7.423728E-01,3.393909E-01,-2.459794E-01,-5.961890E-01,-7.362926E-01,-5.652822E-01,-1.216677E-01,-4.478684E-01,-2.581024E-01,1.330568E-01,3.222753E-01,3.526736E-01,7.462605E-01,7.800114E-01
7.391529E-01,3.394119E-01,-2.477240E-01,-6.009053E-01,-7.410756E-01,-5.674092E-01,-1.201629E-01,-4.461625E-01,-2.607652E-01,1.346705E-01,3.253495E-01,3.541193E-01,7.344056E-01,7.664814E-01
7.358425E-01,3.393805E-01,-2.494766E-01,-6.056670E-01,-7.458638E-01,-5.694830E-01,-1.186559E-01,-4.443717E-01,-2.634742E-01,1.363221E-01,3.284677E-01,3.555351E-01,7.227042E-01,7.531265E-01
7.324391E-01,3.392944E-01,-2.512364E-01,-6.104734E-01,-7.506543E-01,-5.714993E-01,-1.171466E-01,-4.424946E-01,-2.662300E-01,1.380130E-01,3.316302E-01,3.569185E-01,7.111563E-01,7.399467E-01
7.593086E-01,3.258554E-01,-2.491275E-01,-5.737814E-01,-7.085784E-01,-5.507772E-01,-1.337280E-01,-4.587368E-01,-2.289146E-01,1.322178E-01,3.072160E-01,3.429882E-01,8.559947E-01,9.008855E-01
7.566822E-01,3.262031E-01,-2.508977E-01,-5.781592E-01,-7.131800E-01,-5.531262E-01,-1.322412E-01,-4.576936E-01,-2.311716E-01,1.336790E-01,3.099768E-01,3.445485E-01,8.429125E-01,8.859548E-01
7.539831E-01,3.265136E-01,-2.526812E-01,-5.825822E-01,-7.178009E-01,-5.554455E-01,-1.307520E-01,-4.565791E-01,-2.334681E-01,1.351716E-01,3.127771E-01,3.460933E-01,8.299838E-01,8.711992E-01
7.512092E-01,3.267853E-01,-2.544773E-01,-5.870504E-01,-7.224393E-01,-5.577323E-01,-1.292603E-01,-4.553916E-01,-2.358050E-01,1.366966E-01,3.156173E-01,3.476206E-01,8.172085E-01,8.566186E-01
7.483586E-01,3.270168E-01,-2.562858E-01,-5.915636E-01,-7.270930E-01,-5.599837E-01,-1.277661E-01,-4.541294E-01,-2.381831E-01,1.382551E-01,3.184979E-01,3.491289E-01,8.045867E-01,8.422132E-01
7.454290E-01,3.272061E-01,-2.581061E-01,-5.961216E-01,-7.317601E-01,-5.621964E-01,-1.262696E-01,-4.527908E-01,-2.406032E-01,1.398481E-01,3.214191E-01,3.506161E-01,7.921182E-01,8.279829E-01
7.424184E-01,3.273518E-01,-2.599378E-01,-6.007240E-01,-7.364381E-01,-5.643673E-01,-1.247708E-01,-4.513742E-01,-2.430662E-01,1.414767E-01,3.243814E-01,3.520802E-01,7.798032E-01,8.139276E-01
7.393244E-01,3.274518E-01,-2.617802E-01,-6.053705E-01,-7.411246E-01,-5.664928E-01,-1.232695E-01,-4.498777E-01,-2.455730E-01,1.431421E-01,3.273849E-01,3.535192E-01,7.676415E-01,8.000475E-01
7.361447E-01,3.275045E-01,-2.636327E-01,-6.100607E-01,-7.458168E-01,-5.685693E-01,-1.217660E-01,-4.482998E-01,-2.481244E-01,1.448454E-01,3.304299E-01,3.549308E-01,7.556333E-01,7.863424E-01
7.328769E-01,3.275078E-01,-2.654945E-01,-6.147940E-01,-7.505118E-01,-5.705931E-01,-1.202602E-01,-4.466386E-01,-2.507213E-01,1.465879E-01,3.335166E-01,3.563127E-01,7.437785E-01,7.728124E-01
7.295186E-01,3.274599E-01,-2.673650E-01,-6.195698E-01,-7.552063E-01,-5.725600E-01,-1.187521E-01,-4.448925E-01,-2.533645E-01,1.483708E-01,3.366451E-01,3.576624E-01,7.320771E-01,7.594575E-01
7.260673E-01,3.273587E-01,-2.692432E-01,-6.243873E-01,-7.598970E-01,-5.744660E-01,-1.172418E-01,-4.430596E-01,-2.560549E-01,1.501956E-01,3.398155E-01,3.589773E-01,7.205291E-01,7.462777E-01
7.534640E-01,3.141391E-01,-2.657331E-01,-5.871225E-01,-7.182967E-01,-5.545864E-01,-1.338341E-01,-4.587574E-01,-2.193114E-01,1.429529E-01,3.150159E-01,3.455580E-01,8.655207E-01,9.073926E-01
7.507931E-01,3.144625E-01,-2.676126E-01,-5.915275E-01,-7.228427E-01,-5.568561E-01,-1.323463E-01,-4.577599E-01,-2.214979E-01,1.445214E-01,3.177973E-01,3.470701E-01,8.524385E-01,8.924619E-01
7.480492E-01,3.147496E-01,-2.695061E-01,-5.959758E-01,-7.274037E-01,-5.590932E-01,-1.308561E-01,-4.566912E-01,-2.237236E-01,1.461233E-01,3.206168E-01,3.485646E-01,8.395098E-01,8.777062E-01
7.452303E-01,3.149988E-01,-2.714130E-01,-6.004672E-01,-7.319779E-01,-5.612948E-01,-1.293634E-01,-4.555495E-01,-2.259893E-01,1.477596E-01,3.234748E-01,3.500398E-01,8.267346E-01,8.631257E-01
7.423344E-01,3.152087E-01,-2.733329E-01,-6.050015E-01,-7.365629E-01,-5.634579E-01,-1.278683E-01,-4.543332E-01,-2.282959E-01,1.494312E-01,3.263715E-01,3.514939E-01,8.141127E-01,8.487203E-01
7.393593E-01,3.153775E-01,-2.752654E-01,-6.095782E-01,-7.411564E-01,-5.655793E-01,-1.263708E-01,-4.530406E-01,-2.306442E-01,1.511395E-01,3.293072E-01,3.529250E-01,8.016442E-01,8.344899E-01
7.363030E-01,3.155036E-01,-2.772098E-01,-6.141970E-01,-7.457560E-01,-5.676556E-01,-1.248709E-01,-4.516699E-01,-2.330352E-01,1.528854E-01,3.322820E-01,3.543309E-01,7.893292E-01,8.204347E-01
7.331631E-01,3.155853E-01,-2.791656E-01,-6.188573E-01,-7.503589E-01,-5.696833E-01,-1.233686E-01,-4.502193E-01,-2.354698E-01,1.546701E-01,3.352962E-01,3.557095E-01,7.771675E-01,8.065545E-01
7.299374E-01,3.156208E-01,-2.811322E-01,-6.235585E-01,-7.549621E-01,-5.716587E-01,-1.218641E-01,-4.486871E-01,-2.379489E-01,1.564950E-01,3.383497E-01,3.570585E-01,7.651593E-01,7.928495E-01
7.266236E-01,3.156081E-01,-2.831087E-01,-6.282999E-01,-7.595625E-01,-5.735780E-01,-1.203572E-01,-4.470715E-01,-2.404735E-01,1.583612E-01,3.414425E-01,3.583757E-01,7.533045E-01,7.793195E-01
7.232192E-01,3.155455E-01,-2.850943E-01,-6.330808E-01,-7.641567E-01,-5.754371E-01,-1.188481E-01,-4.453708E-01,-2.430444E-01,1.602702E-01,3.445748E-01,3.596584E-01,7.416031E-01,7.659646E-01
7.197219E-01,3.154311E-01,-2.870882E-01,-6.379001E-01,-7.687410E-01,-5.772317E-01,-1.173367E-01,-4.435832E-01,-2.456626E-01,1.622232E-01,3.477463E-01,3.609040E-01,7.300551E-01,7.527848E-01
7.476301E-01,3.024162E-01,-2.821986E-01,-6.001501E-01,-7.276891E-01,-5.582137E-01,-1.339399E-01,-4.587268E-01,-2.095583E-01,1.535751E-01,3.226241E-01,3.480097E-01,8.751998E-01,9.140757E-01
7.449160E-01,3.027164E-01,-2.841848E-01,-6.045752E-01,-7.321737E-01,-5.604026E-01,-1.324512E-01,-4.577755E-01,-2.116698E-01,1.552472E-01,3.254212E-01,3.494723E-01,8.621177E-01,8.991450E-01
7.421287E-01,3.029813E-01,-2.861856E-01,-6.090416E-01,-7.366691E-01,-5.625560E-01,-1.309600E-01,-4.567532E-01,-2.138199E-01,1.569544E-01,3.282549E-01,3.509156E-01,8.491890E-01,8.843894E-01
7.392662E-01,3.032093E-01,-2.882006E-01,-6.135489E-01,-7.411731E-01,-5.646709E-01,-1.294663E-01,-4.556581E-01,-2.160095E-01,1.586977E-01,3.311254E-01,3.523376E-01,8.364137E-01,8.698089E-01
7.363265E-01,3.033990E-01,-2.902293E-01,-6.180966E-01,-7.456834E-01,-5.667443E-01,-1.279702E-01,-4.544884E-01,-2.182394E-01,1.604783E-01,3.340329E-01,3.537365E-01,8.237918E-01,8.554034E-01
7.333074E-01,3.035486E-01,-2.922712E-01,-6.226843E-01,-7.501974E-01,-5.687730E-01,-1.264717E-01,-4.532424E-01,-2.205107E-01,1.622973E-01,3.369774E-01,3.551104E-01,8.113234E-01,8.411731E-01
7.302069E-01,3.036567E-01,-2.943257E-01,-6.273114E-01,-7.547124E-01,-5.707535E-01,-1.249708E-01,-4.519183E-01,-2.228241E-01,1.641558E-01,3.399592E-01,3.564571E-01,7.990083E-01,8.271178E-01
7.270228E-01,3.037215E-01,-2.963921E-01,-6.319772E-01,-7.592255E-01,-5.726822E-01,-1.234675E-01,-4.505143E-01,-2.251808E-01,1.660550E-01,3.429780E-01,3.577744E-01,7.868467E-01,8.132377E-01
7.237529E-01,3.037413E-01,-2.984699E-01,-6.366809E-01,-7.637336E-01,-5.745554E-01,-1.219619E-01,-4.490287E-01,-2.275816E-01,1.679963E-01,3.460340E-01,3.590601E-01,7.748385E-01,7.995326E-01
7.203948E-01,3.037143E-01,-3.005582E-01,-6.414218E-01,-7.682333E-01,-5.763693E-01,-1.204541E-01,-4.474595E-01,-2.300276E-01,1.699809E-01,3.491269E-01,3.603117E-01,7.629837E-01,7.860026E-01
7.169461E-01,3.036387E-01,-3.026562E-01,-6.461988E-01,-7.727209E-01,-5.781197E-01,-1.189439E-01,-4.458051E-01,-2.325196E-01,1.720102E-01,3.522565E-01,3.615266E-01,7.512823E-01,7.726478E-01
7.134045E-01,3.035127E-01,-3.047630E-01,-6.510108E-01,-7.771926E-01,-5.798023E-01,-1.174315E-01,-4.440635E-01,-2.350588E-01,1.740856E-01,3.554226E-01,3.627023E-01,7.397343E-01,7.594680E-01
7.418086E-01,2.906882E-01,-2.985171E-01,-6.128626E-01,-7.367589E-01,-5.616630E-01,-1.340455E-01,-4.586432E-01,-1.996606E-01,1.640773E-01,3.300397E-01,3.503457E-01,8.850322E-01,9.209349E-01
7.390527E-01,2.909665E-01,-3.006073E-01,-6.173009E-01,-7.411765E-01,-5.637696E-01,-1.325558E-01,-4.577389E-01,-2.016927E-01,1.658490E-01,3.328476E-01,3.517579E-01,8.719500E-01,9.060042E-01
7.362233E-01,2.912103E-01,-3.027127E-01,-6.217782E-01,-7.456007E-01,-5.658379E-01,-1.310636E-01,-4.567636E-01,-2.037625E-01,1.676574E-01,3.356904E-01,3.531488E-01,8.590213E-01,8.912486E-01
7.333186E-01,2.914183E-01,-3.048330E-01,-6.262939E-01,-7.500289E-01,-5.678649E-01,-1.295690E-01,-4.557156E-01,-2.058711E-01,1.695035E-01,3.385683E-01,3.545166E-01,8.462460E-01,8.766681E-01
7.303364E-01,2.915890E-01,-3.069676E-01,-6.308476E-01,-7.544587E-01,-5.698474E-01,-1.280719E-01,-4.545932E-01,-2.080194E-01,1.713885E-01,3.414813E-01,3.558595E-01,8.336242E-01,8.622627E-01
7.272749E-01,2.917208E-01,-3.091160E-01,-6.354385E-01,-7.588875E-01,-5.717822E-01,-1.265724E-01,-4.533945E-01,-2.102083E-01,1.733134E-01,3.444294E-01,3.571753E-01,8.211557E-01,8.480323E-01
7.241319E-01,2.918123E-01,-3.112777E-01,-6.400660E-01,-7.633122E-01,-5.736658E-01,-1.250705E-01,-4.521178E-01,-2.124388E-01,1.752796E-01,3.474125E-01,3.584619E-01,8.088407E-01,8.339771E-01
7.209052E-01,2.918616E-01,-3.134519E-01,-6.447292E-01,-7.677298E-01,-5.754945E-01,-1.235662E-01,-4.507612E-01,-2.147119E-01,1.772882E-01,3.504303E-01,3.597172E-01,7.966790E-01,8.200969E-01
7.175926E-01,2.918673E-01,-3.156379E-01,-6.494272E-01,-7.721369E-01,-5.772647E-01,-1.220596E-01,-4.493228E-01,-2.170285E-01,1.793405E-01,3.534829E-01,3.609387E-01,7.846708E-01,8.063918E-01
7.141920E-01,2.918276E-01,-3.178351E-01,-6.541590E-01,-7.765299E-01,-5.789724E-01,-1.205507E-01,-4.478009E-01,-2.193897E-01,1.814378E-01,3.565697E-01,3.621241E-01,7.728160E-01,7.928619E-01
7.107008E-01,2.917407E-01,-3.200424E-01,-6.589234E-01,-7.809051E-01,-5.806134E-01,-1.190395E-01,-4.461936E-01,-2.217966E-01,1.835816E-01,3.596906E-01,3.632707E-01,7.611146E-01,7.795070E-01
7.071169E-01,2.916048E-01,-3.222590E-01,-6.637191E-01,-7.852584E-01,-5.821833E-01,-1.175260E-01,-4.444990E-01,-2.242502E-01,1.857731E-01,3.628449E-01,3.643759E-01,7.495666E-01,7.663272E-01
7.360011E-01,2.789566E-01,-3.146821E-01,-6.252586E-01,-7.455093E-01,-5.649381E-01,-1.341508E-01,-4.585052E-01,-1.896239E-01,1.744527E-01,3.372618E-01,3.525685E-01,8.950176E-01,9.279702E-01
7.332046E-01,2.792140E-01,-3.168733E-01,-6.297033E-01,-7.498548E-01,-5.669611E-01,-1.326601E-01,-4.576483E-01,-1.915721E-01,1.763199E-01,3.400758E-01,3.539292E-01,8.819355E-01,9.130395E-01
7.303345E-01,2.794380E-01,-3.190805E-01,-6.341844E-01,-7.542023E-01,-5.689431E-01,-1.311670E-01,-4.567206E-01,-1.935572E-01,1.782251E-01,3.429230E-01,3.552669E-01,8.690068E-01,8.982839E-01
7.273890E-01,2.796272E-01,-3.213031E-01,-6.387014E-01,-7.585494E-01,-5.708810E-01,-1.296714E-01,-4.557204E-01,-1.955802E-01,1.801695E-01,3.458033E-01,3.565796E-01,8.562315E-01,8.837034E-01
7.243659E-01,2.797802E-01,-3.235407E-01,-6.432535E-01,-7.628934E-01,-5.727716E-01,-1.281733E-01,-4.546459E-01,-1.976419E-01,1.821541E-01,3.487166E-01,3.578655E-01,8.436097E-01,8.692980E-01
7.212634E-01,2.798956E-01,-3.257926E-01,-6.478401E-01,-7.672315E-01,-5.746115E-01,-1.266728E-01,-4.534952E-01,-1.997434E-01,1.841801E-01,3.516629E-01,3.591225E-01,8.311412E-01,8.550676E-01
7.180794E-01,2.799717E-01,-3.280583E-01,-6.524602E-01,-7.715604E-01,-5.763973E-01,-1.251699E-01,-4.522666E-01,-2.018856E-01,1.862488E-01,3.546419E-01,3.603483E-01,8.188261E-01,8.410124E-01
7.148117E-01,2.800071E-01,-3.303372E-01,-6.571128E-01,-7.758770E-01,-5.781253E-01,-1.236647E-01,-4.509581E-01,-2.040695E-01,1.883614E-01,3.576532E-01,3.615409E-01,8.066645E-01,8.271322E-01
7.114582E-01,2.800001E-01,-3.326284E-01,-6.617969E-01,-7.801777E-01,-5.797917E-01,-1.221570E-01,-4.495678E-01,-2.062963E-01,1.905191E-01,3.606966E-01,3.626977E-01,7.946563E-01,8.134271E-01
7.080167E-01,2.799492E-01,-3.349312E-01,-6.665113E-01,-7.844586E-01,-5.813925E-01,-1.206471E-01,-4.480940E-01,-2.085668E-01,1.927233E-01,3.637716E-01,3.638163E-01,7.828015E-01,7.998972E-01
7.044849E-01,2.798526E-01,-3.372446E-01,-6.712545E-01,-7.887159E-01,-5.829236E-01,-1.191348E-01,-4.465346E-01,-2.108822E-01,1.949753E-01,3.668777E-01,3.648941E-01,7.711001E-01,7.865423E-01
7.008605E-01,2.797085E-01,-3.395678E-01,-6.760252E-01,-7.929452E-01,-5.843806E-01,-1.176203E-01,-4.448878E-01,-2.132436E-01,1.972765E-01,3.700141E-01,3.659284E-01,7.595521E-01,7.733625E-01
7.302090E-01,2.672229E-01,-3.306869E-01,-6.373374E-01,-7.539441E-01,-5.680428E-01,-1.342559E-01,-4.583110E-01,-1.794540E-01,1.846949E-01,3.442902E-01,3.546803E-01,9.051563E-01,9.351816E-01
7.273732E-01,2.674605E-01,-3.329763E-01,-6.417815E-01,-7.582123E-01,-5.699812E-01,-1.327643E-01,-4.575020E-01,-1.813142E-01,1.866532E-01,3.471056E-01,3.559888E-01,8.920742E-01,9.202509E-01
7.244638E-01,2.676658E-01,-3.352822E-01,-6.462595E-01,-7.624782E-01,-5.718759E-01,-1.312702E-01,-4.566225E-01,-1.832102E-01,1.886507E-01,3.499523E-01,3.572724E-01,8.791455E-01,9.054953E-01
7.214789E-01,2.678373E-01,-3.376040E-01,-6.507707E-01,-7.667391E-01,-5.737237E-01,-1.297736E-01,-4.556707E-01,-1.851430E-01,1.906886E-01,3.528301E-01,3.585293E-01,8.663702E-01,8.909148E-01
7.184164E-01,2.679739E-01,-3.399414E-01,-6.553141E-01,-7.709922E-01,-5.755214E-01,-1.282745E-01,-4.546448E-01,-1.871134E-01,1.927680E-01,3.557388E-01,3.597576E-01,8.537483E-01,8.765093E-01
7.152744E-01,2.680740E-01,-3.422937E-01,-6.598888E-01,-7.752344E-01,-5.772656E-01,-1.267731E-01,-4.535428E-01,-1.891225E-01,1.948901E-01,3.586782E-01,3.609550E-01,8.412798E-01,8.622790E-01
7.120509E-01,2.681362E-01,-3.446603E-01,-6.644939E-01,-7.794625E-01,-5.789528E-01,-1.252692E-01,-4.523629E-01,-1.911713E-01,1.970559E-01,3.616478E-01,3.621195E-01,8.289648E-01,8.482237E-01
7.087439E-01,2.681590E-01,-3.470405E-01,-6.691282E-01,-7.836729E-01,-5.805794E-01,-1.237629E-01,-4.511033E-01,-1.932608E-01,1.992669E-01,3.646472E-01,3.632487E-01,8.168032E-01,8.343436E-01
7.053511E-01,2.681409E-01,-3.494336E-01,-6.737904E-01,-7.878620E-01,-5.821415E-01,-1.222542E-01,-4.497619E-01,-1.953919E-01,2.015241E-01,3.676760E-01,3.643402E-01,8.047949E-01,8.206385E-01
7.018705E-01,2.680802E-01,-3.518387E-01,-6.784791E-01,-7.920257E-01,-5.836351E-01,-1.207433E-01,-4.483369E-01,-1.975659E-01,2.038290E-01,3.707334E-01,3.653916E-01,7.929401E-01,8.071085E-01
6.982998E-01,2.679754E-01,-3.542549E-01,-6.831928E-01,-7.961600E-01,-5.850560E-01,-1.192300E-01,-4.468263E-01,-1.997838E-01,2.061829E-01,3.738189E-01,3.664002E-01,7.812387E-01,7.937536E-01
6.946367E-01,2.678248E-01,-3.566813E-01,-6.879299E-01,-8.002603E-01,-5.863998E-01,-1.177144E-01,-4.452282E-01,-2.020466E-01,2.085872E-01,3.769316E-01,3.673634E-01,7.696907E-01,7.805738E-01
7.244337E-01,2.554884E-01,-3.465251E-01,-6.490983E-01,-7.620671E-01,-5.709811E-01,-1.343607E-01,-4.580588E-01,-1.691572E-01,1.947977E-01,3.511247E-01,3.566837E-01,9.154481E-01,9.425690E-01
7.215600E-01,2.557072E-01,-3.489096E-01,-6.535353E-01,-7.662533E-01,-5.728339E-01,-1.328681E-01,-4.572983E-01,-1.709253E-01,1.968426E-01,3.539370E-01,3.579391E-01,9.023660E-01,9.276383E-01
7.186127E-01,2.558949E-01,-3.513110E-01,-6.580034E-01,-7.704328E-01,-5.746403E-01,-1.313731E-01,-4.564676E-01,-1.727280E-01,1.989278E-01,3.567786E-01,3.591680E-01,8.894373E-01,9.128827E-01
7.155897E-01,2.560500E-01,-3.537289E-01,-6.625017E-01,-7.746027E-01,-5.763971E-01,-1.298755E-01,-4.555648E-01,-1.745661E-01,2.010544E-01,3.596491E-01,3.603684E-01,8.766620E-01,8.983022E-01
7.124892E-01,2.561713E-01,-3.561628E-01,-6.670292E-01,-7.787600E-01,-5.781012E-01,-1.283755E-01,-4.545881E-01,-1.764407E-01,2.032235E-01,3.625483E-01,3.615384E-01,8.640401E-01,8.838968E-01
7.093093E-01,2.562574E-01,-3.586122E-01,-6.715849E-01,-7.829015E-01,-5.797491E-01,-1.268730E-01,-4.535354E-01,-1.783527E-01,2.054362E-01,3.654757E-01,3.626757E-01,8.515716E-01,8.696664E-01
7.060479E-01,2.563070E-01,-3.610763E-01,-6.761675E-01,-7.870239E-01,-5.813372E-01,-1.253682E-01,-4.524050E-01,-1.803031E-01,2.076938E-01,3.684308E-01,3.637782E-01,8.392566E-01,8.556112E-01
7.027031E-01,2.563185E-01,-3.635545E-01,-6.807758E-01,-7.911233E-01,-5.828619E-01,-1.238609E-01,-4.511949E-01,-1.822929E-01,2.099973E-01,3.714131E-01,3.648437E-01,8.270950E-01,8.417310E-01
6.992727E-01,2.562906E-01,-3.660460E-01,-6.854083E-01,-7.951960E-01,-5.843192E-01,-1.223512E-01,-4.499032E-01,-1.843231E-01,2.123481E-01,3.744219E-01,3.658696E-01,8.150867E-01,8.280259E-01
6.957547E-01,2.562217E-01,-3.685499E-01,-6.900634E-01,-7.992378E-01,-5.857052E-01,-1.208392E-01,-4.485278E-01,-1.863949E-01,2.147475E-01,3.774564E-01,3.668534E-01,8.032319E-01,8.144960E-01
6.921469E-01,2.561102E-01,-3.710654E-01,-6.947395E-01,-8.032443E-01,-5.870157E-01,-1.193249E-01,-4.470668E-01,-1.885093E-01,2.171968E-01,3.805157E-01,3.677926E-01,7.915305E-01,8.011411E-01
6.884469E-01,2.559545E-01,-3.735914E-01,-6.994346E-01,-8.072109E-01,-5.882463E-01,-1.178083E-01,-4.455182E-01,-1.906675E-01,2.196972E-01,3.835989E-01,3.686844E-01,7.799825E-01,7.879613E-01
7.186766E-01,2.437544E-01,-3.621906E-01,-6.605412E-01,-7.698825E-01,-5.737569E-01,-1.344652E-01,-4.577469E-01,-1.587398E-01,2.047552E-01,3.577654E-01,3.585811E-01,9.258931E-01,9.501326E-01
7.157663E-01,2.439555E-01,-3.646668E-01,-6.649645E-01,-7.739821E-01,-5.755232E-01,-1.329717E-01,-4.570355E-01,-1.604120E-01,2.068822E-01,3.605702E-01,3.597828E-01,9.128109E-01,9.352019E-01
7.127823E-01,2.441266E-01,-3.671605E-01,-6.694160E-01,-7.780706E-01,-5.772405E-01,-1.314757E-01,-4.562541E-01,-1.621173E-01,2.090503E-01,3.634021E-01,3.609563E-01,8.998822E-01,9.204462E-01
7.097228E-01,2.442663E-01,-3.696711E-01,-6.738947E-01,-7.821450E-01,-5.789057E-01,-1.299772E-01,-4.554009E-01,-1.638567E-01,2.112606E-01,3.662608E-01,3.620996E-01,8.871069E-01,9.058657E-01
7.065857E-01,2.443735E-01,-3.721982E-01,-6.783994E-01,-7.862020E-01,-5.805155E-01,-1.284762E-01,-4.544739E-01,-1.656310E-01,2.135141E-01,3.691457E-01,3.632108E-01,8.744851E-01,8.914603E-01
7.033693E-01,2.444469E-01,-3.747411E-01,-6.829288E-01,-7.902384E-01,-5.820665E-01,-1.269728E-01,-4.534713E-01,-1.674413E-01,2.158121E-01,3.720563E-01,3.642875E-01,8.620166E-01,8.772299E-01
7.000716E-01,2.444851E-01,-3.772992E-01,-6.874817E-01,-7.942504E-01,-5.835550E-01,-1.254669E-01,-4.523910E-01,-1.692885E-01,2.181556E-01,3.749921E-01,3.653277E-01,8.497016E-01,8.631747E-01
6.966906E-01,2.444867E-01,-3.798718E-01,-6.920566E-01,-7.982344E-01,-5.849775E-01,-1.239586E-01,-4.512312E-01,-1.711736E-01,2.205459E-01,3.779522E-01,3.663290E-01,8.375399E-01,8.492945E-01
6.932243E-01,2.444503E-01,-3.824581E-01,-6.966518E-01,-8.021863E-01,-5.863299E-01,-1.224480E-01,-4.499898E-01,-1.730977E-01,2.229841E-01,3.809358E-01,3.672890E-01,8.255317E-01,8.355895E-01
6.896706E-01,2.443745E-01,-3.850572E-01,-7.012656E-01,-8.061017E-01,-5.876082E-01,-1.209350E-01,-4.486648E-01,-1.750618E-01,2.254716E-01,3.839421E-01,3.682051E-01,8.136769E-01,8.220595E-01
6.860273E-01,2.442578E-01,-3.876683E-01,-7.058961E-01,-8.099761E-01,-5.888083E-01,-1.194196E-01,-4.472542E-01,-1.770671E-01,2.280094E-01,3.869700E-01,3.690746E-01,8.019755E-01,8.087046E-01
6.822923E-01,2.440986E-01,-3.902902E-01,-7.105412E-01,-8.138046E-01,-5.899257E-01,-1.179020E-01,-4.457560E-01,-1.791147E-01,2.305991E-01,3.900182E-01,3.698950E-01,7.904275E-01,7.955248E-01
7.129389E-01,2.320221E-01,-3.776772E-01,-6.716663E-01,-7.773945E-01,-5.763740E-01,-1.345695E-01,-4.573736E-01,-1.482087E-01,2.145620E-01,3.642128E-01,3.603749E-01,9.364912E-01,9.578722E-01
7.099934E-01,2.322065E-01,-3.802418E-01,-6.760696E-01,-7.814033E-01,-5.780531E-01,-1.330751E-01,-4.567117E-01,-1.497813E-01,2.167663E-01,3.670057E-01,3.615224E-01,9.234091E-01,9.429414E-01
7.069742E-01,2.323620E-01,-3.828243E-01,-6.804980E-01,-7.853965E-01,-5.796807E-01,-1.315781E-01,-4.559802E-01,-1.513854E-01,2.190123E-01,3.698236E-01,3.626399E-01,9.104804E-01,9.281858E-01
7.038794E-01,2.324875E-01,-3.854241E-01,-6.849504E-01,-7.893711E-01,-5.812537E-01,-1.300787E-01,-4.551771E-01,-1.530219E-01,2.213012E-01,3.726659E-01,3.637257E-01,8.977051E-01,9.136053E-01
7.007072E-01,2.325818E-01,-3.880408E-01,-6.894254E-01,-7.933236E-01,-5.827687E-01,-1.285767E-01,-4.543005E-01,-1.546919E-01,2.236339E-01,3.755320E-01,3.647776E-01,8.850832E-01,8.991999E-01
6.974558E-01,2.326435E-01,-3.906737E-01,-6.939217E-01,-7.972505E-01,-5.842224E-01,-1.270723E-01,-4.533485E-01,-1.563961E-01,2.260116E-01,3.784212E-01,3.657934E-01,8.726147E-01,8.849695E-01
6.941233E-01,2.326715E-01,-3.933222E-01,-6.984378E-01,-8.011481E-01,-5.856111E-01,-1.255654E-01,-4.523190E-01,-1.581355E-01,2.284353E-01,3.813328E-01,3.667709E-01,8.602997E-01,8.709143E-01
6.907077E-01,2.326644E-01,-3.959855E-01,-7.029720E-01,-8.050125E-01,-5.869311E-01,-1.240562E-01,-4.512102E-01,-1.599112E-01,2.309063E-01,3.842658E-01,3.677078E-01,8.481380E-01,8.570341E-01
6.872071E-01,2.326209E-01,-3.986628E-01,-7.075226E-01,-8.088394E-01,-5.881784E-01,-1.225445E-01,-4.500198E-01,-1.617242E-01,2.334256E-01,3.872194E-01,3.686016E-01,8.361298E-01,8.433291E-01
6.836193E-01,2.325395E-01,-4.013533E-01,-7.120875E-01,-8.126243E-01,-5.893491E-01,-1.210305E-01,-4.487460E-01,-1.635755E-01,2.359945E-01,3.901925E-01,3.694498E-01,8.242750E-01,8.297991E-01
6.799422E-01,2.324190E-01,-4.040560E-01,-7.166648E-01,-8.163626E-01,-5.904389E-01,-1.195141E-01,-4.473867E-01,-1.654662E-01,2.386142E-01,3.931837E-01,3.702497E-01,8.125736E-01,8.164442E-01
6.761739E-01,2.322578E-01,-4.067698E-01,-7.212521E-01,-8.200492E-01,-5.914435E-01,-1.179955E-01,-4.459397E-01,-1.673975E-01,2.412860E-01,3.961919E-01,3.709986E-01,8.010256E-01,8.032644E-01
7.072220E-01,2.202927E-01,-3.929790E-01,-6.824743E-01,-7.846076E-01,-5.788364E-01,-1.346735E-01,-4.569370E-01,-1.375710E-01,2.242129E-01,3.704674E-01,3.620676E-01,9.472425E-01,9.657878E-01
7.042425E-01,2.204614E-01,-3.956285E-01,-6.868513E-01,-7.885216E-01,-5.804276E-01,-1.331782E-01,-4.563251E-01,-1.390404E-01,2.264896E-01,3.732444E-01,3.631603E-01,9.341603E-01,9.508571E-01
7.011893E-01,2.206024E-01,-3.982962E-01,-6.912502E-01,-7.924156E-01,-5.819650E-01,-1.316803E-01,-4.556439E-01,-1.405396E-01,2.288086E-01,3.760440E-01,3.642215E-01,9.212316E-01,9.361015E-01
6.980607E-01,2.207146E-01,-4.009816E-01,-6.956698E-01,-7.962863E-01,-5.834453E-01,-1.301799E-01,-4.548915E-01,-1.420696E-01,2.311708E-01,3.788655E-01,3.652493E-01,9.084564E-01,9.215210E-01
6.948549E-01,2.207970E-01,-4.036842E-01,-7.001086E-01,-8.001303E-01,-5.848653E-01,-1.286769E-01,-4.540659E-01,-1.436311E-01,2.335772E-01,3.817084E-01,3.662416E-01,8.958345E-01,9.071155E-01
6.915700E-01,2.208483E-01,-4.064034E-01,-7.045650E-01,-8.039439E-01,-5.862214E-01,-1.271715E-01,-4.531651E-01,-1.452251E-01,2.360290E-01,3.845717E-01,3.671961E-01,8.833660E-01,8.928852E-01
6.882042E-01,2.208672E-01,-4.091384E-01,-7.090374E-01,-8.077231E-01,-5.875101E-01,-1.256637E-01,-4.521871E-01,-1.468525E-01,2.385271E-01,3.874545E-01,3.681108E-01,8.710510E-01,8.788299E-01
6.847555E-01,2.208526E-01,-4.118885E-01,-7.135239E-01,-8.114640E-01,-5.887275E-01,-1.241534E-01,-4.511299E-01,-1.485143E-01,2.410726E-01,3.903559E-01,3.689831E-01,8.588893E-01,8.649498E-01
6.812221E-01,2.208032E-01,-4.146530E-01,-7.180227E-01,-8.151621E-01,-5.898698E-01,-1.226408E-01,-4.499914E-01,-1.502115E-01,2.436667E-01,3.932747E-01,3.698106E-01,8.468811E-01,8.512447E-01
6.776019E-01,2.207176E-01,-4.174308E-01,-7.225315E-01,-8.188129E-01,-5.909330E-01,-1.211258E-01,-4.487695E-01,-1.519450E-01,2.463104E-01,3.962097E-01,3.705909E-01,8.350263E-01,8.377147E-01
6.738929E-01,2.205946E-01,-4.202211E-01,-7.270482E-01,-8.224114E-01,-5.919128E-01,-1.196084E-01,-4.474621E-01,-1.537160E-01,2.490050E-01,3.991595E-01,3.713212E-01,8.233249E-01,8.243599E-01
6.700930E-01,2.204326E-01,-4.230228E-01,-7.315701E-01,-8.259525E-01,-5.928048E-01,-1.180887E-01,-4.460671E-01,-1.555255E-01,2.517516E-01,4.021226E-01,3.719988E-01,8.117769E-01,8.111801E-01
7.015269E-01,2.085674E-01,-4.080901E-01,-6.929661E-01,-7.915265E-01,-5.811478E-01,-1.347773E-01,-4.564353E-01,-1.268338E-01,2.337030E-01,3.765301E-01,3.636617E-01,9.581469E-01,9.738796E-01
6.985147E-01,2.087212E-01,-4.108209E-01,-6.973107E-01,-7.953419E-01,-5.826508E-01,-1.332810E-01,-4.558738E-01,-1.281968E-01,2.360473E-01,3.792871E-01,3.646992E-01,9.450648E-01,9.589488E-01
6.954289E-01,2.088487E-01,-4.135702E-01,-7.016740E-01,-7.991329E-01,-5.840975E-01,-1.317821E-01,-4.552434E-01,-1.295878E-01,2.384341E-01,3.820643E-01,3.657037E-01,9.321361E-01,9.441932E-01
6.922679E-01,2.089487E-01,-4.163375E-01,-7.060544E-01,-8.028960E-01,-5.854849E-01,-1.302808E-01,-4.545422E-01,-1.310076E-01,2.408644E-01,3.848610E-01,3.666731E-01,9.193608E-01,9.296127E-01
6.890298E-01,2.090202E-01,-4.191222E-01,-7.104505E-01,-8.066278E-01,-5.868095E-01,-1.287769E-01,-4.537681E-01,-1.324570E-01,2.433390E-01,3.876764E-01,3.676055E-01,9.067389E-01,9.152073E-01
6.857128E-01,2.090621E-01,-4.219237E-01,-7.148605E-01,-8.103244E-01,-5.880679E-01,-1.272705E-01,-4.529191E-01,-1.339369E-01,2.458591E-01,3.905094E-01,3.684987E-01,8.942705E-01,9.009769E-01
6.823152E-01,2.090731E-01,-4.247413E-01,-7.192825E-01,-8.139817E-01,-5.892565E-01,-1.257617E-01,-4.519932E-01,-1.354482E-01,2.484255E-01,3.933592E-01,3.693502E-01,8.819554E-01,8.869217E-01
6.788351E-01,2.090522E-01,-4.275743E-01,-7.237146E-01,-8.175956E-01,-5.903715E-01,-1.242505E-01,-4.509883E-01,-1.369918E-01,2.510394E-01,3.962244E-01,3.701579E-01,8.697938E-01,8.730415E-01
6.752705E-01,2.089981E-01,-4.304217E-01,-7.281547E-01,-8.211614E-01,-5.914089E-01,-1.227368E-01,-4.499023E-01,-1.385687E-01,2.537018E-01,3.991039E-01,3.709192E-01,8.577855E-01,8.593365E-01
6.716195E-01,2.089095E-01,-4.332828E-01,-7.326004E-01,-8.246746E-01,-5.923648E-01,-1.212208E-01,-4.487331E-01,-1.401798E-01,2.564137E-01,4.019963E-01,3.716315E-01,8.459307E-01,8.458065E-01
6.678801E-01,2.087852E-01,-4.361565E-01,-7.370492E-01,-8.281300E-01,-5.932350E-01,-1.197024E-01,-4.474785E-01,-1.418262E-01,2.591761E-01,4.049000E-01,3.722923E-01,8.342293E-01,8.324516E-01
6.640504E-01,2.086239E-01,-4.390417E-01,-7.414986E-01,-8.315223E-01,-5.940151E-01,-1.181817E-01,-4.461363E-01,-1.435089E-01,2.619902E-01,4.078133E-01,3.728988E-01,8.226814E-01,8.192718E-01
6.958547E-01,1.968473E-01,-4.230050E-01,-7.031429E-01,-7.981560E-01,-5.833122E-01,-1.348807E-01,-4.558665E-01,-1.160048E-01,2.430279E-01,3.824021E-01,3.651595E-01,9.692045E-01,9.821474E-01
6.928111E-01,1.969872E-01,-4.258133E-01,-7.074492E-01,-8.018692E-01,-5.847265E-01,-1.333835E-01,-4.553559E-01,-1.172584E-01,2.454349E-01,3.851352E-01,3.661415E-01,9.561224E-01,9.672167E-01
6.896941E-01,1.971020E-01,-4.286404E-01,-7.117708E-01,-8.055537E-01,-5.860824E-01,-1.318837E-01,-4.547768E-01,-1.185380E-01,2.478843E-01,3.878861E-01,3.670889E-01,9.431937E-01,9.524610E-01
6.865020E-01,1.971907E-01,-4.314857E-01,-7.161060E-01,-8.092059E-01,-5.873766E-01,-1.303814E-01,-4.541273E-01,-1.198443E-01,2.503772E-01,3.906539E-01,3.679999E-01,9.304184E-01,9.378805E-01
6.832330E-01,1.972524E-01,-4.343486E-01,-7.204532E-01,-8.128220E-01,-5.886057E-01,-1.288766E-01,-4.534053E-01,-1.211781E-01,2.529145E-01,3.934377E-01,3.688722E-01,9.177965E-01,9.234751E-01
6.798855E-01,1.972858E-01,-4.372285E-01,-7.248104E-01,-8.163982E-01,-5.897664E-01,-1.273693E-01,-4.526087E-01,-1.225403E-01,2.554971E-01,3.962364E-01,3.697038E-01,9.053281E-01,9.092447E-01
6.764575E-01,1.972901E-01,-4.401246E-01,-7.291756E-01,-8.199303E-01,-5.908550E-01,-1.258595E-01,-4.517355E-01,-1.239316E-01,2.581259E-01,3.990488E-01,3.704922E-01,8.930130E-01,8.951895E-01
6.729474E-01,1.972639E-01,-4.430362E-01,-7.335468E-01,-8.234139E-01,-5.918676E-01,-1.243473E-01,-4.507835E-01,-1.253531E-01,2.608018E-01,4.018737E-01,3.712352E-01,8.808514E-01,8.813093E-01
6.693532E-01,1.972062E-01,-4.459624E-01,-7.379215E-01,-8.268443E-01,-5.928005E-01,-1.228326E-01,-4.497507E-01,-1.268055E-01,2.635260E-01,4.047095E-01,3.719303E-01,8.688431E-01,8.676043E-01
6.656730E-01,1.971158E-01,-4.489024E-01,-7.422973E-01,-8.302168E-01,-5.936495E-01,-1.213156E-01,-4.486348E-01,-1.282899E-01,2.662992E-01,4.075549E-01,3.725749E-01,8.569883E-01,8.540743E-01
6.619049E-01,1.969915E-01,-4.518551E-01,-7.466715E-01,-8.335261E-01,-5.944106E-01,-1.197962E-01,-4.474337E-01,-1.298071E-01,2.691225E-01,4.104081E-01,3.731664E-01,8.452869E-01,8.407194E-01
6.580470E-01,1.968321E-01,-4.548194E-01,-7.510413E-01,-8.367669E-01,-5.950793E-01,-1.182745E-01,-4.461452E-01,-1.313582E-01,2.719969E-01,4.132673E-01,3.737020E-01,8.337390E-01,8.275396E-01
6.902065E-01,1.851334E-01,-4.377182E-01,-7.130063E-01,-8.045010E-01,-5.853333E-01,-1.349839E-01,-4.552288E-01,-1.050917E-01,2.521835E-01,3.880847E-01,3.665636E-01,9.804153E-01,9.905913E-01
6.871328E-01,1.852602E-01,-4.406003E-01,-7.172686E-01,-8.081088E-01,-5.866587E-01,-1.334858E-01,-4.547695E-01,-1.062331E-01,2.546480E-01,3.907901E-01,3.674897E-01,9.673331E-01,9.756605E-01
6.839859E-01,1.853633E-01,-4.435012E-01,-7.215427E-01,-8.116835E-01,-5.879235E-01,-1.319851E-01,-4.542422E-01,-1.073982E-01,2.571549E-01,3.935109E-01,3.683800E-01,9.544044E-01,9.609049E-01
6.807640E-01,1.854416E-01,-4.464205E-01,-7.258268E-01,-8.152215E-01,-5.891245E-01,-1.304818E-01,-4.536448E-01,-1.085880E-01,2.597051E-01,3.962460E-01,3.692322E-01,9.416292E-01,9.463244E-01
6.774656E-01,1.854944E-01,-4.493575E-01,-7.301190E-01,-8.187189E-01,-5.902582E-01,-1.289760E-01,-4.529753E-01,-1.098031E-01,2.622993E-01,3.989943E-01,3.700444E-01,9.290073E-01,9.319190E-01
6.740888E-01,1.855204E-01,-4.523116E-01,-7.344173E-01,-8.221716E-01,-5.913212E-01,-1.274677E-01,-4.522316E-01,-1.110442E-01,2.649386E-01,4.017547E-01,3.708143E-01,9.165388E-01,9.176886E-01
6.706321E-01,1.855188E-01,-4.552820E-01,-7.387196E-01,-8.255754E-01,-5.923100E-01,-1.259570E-01,-4.514117E-01,-1.123121E-01,2.676237E-01,4.045258E-01,3.715396E-01,9.042238E-01,9.036334E-01
6.670934E-01,1.854884E-01,-4.582680E-01,-7.430234E-01,-8.289257E-01,-5.932206E-01,-1.244438E-01,-4.505133E-01,-1.136078E-01,2.703555E-01,4.073062E-01,3.722180E-01,8.920621E-01,8.897532E-01
6.634712E-01,1.854283E-01,-4.612686E-01,-7.473264E-01,-8.322179E-01,-5.940493E-01,-1.229282E-01,-4.495343E-01,-1.149319E-01,2.731349E-01,4.100944E-01,3.728470E-01,8.800539E-01,8.760481E-01
6.597634E-01,1.853372E-01,-4.642830E-01,-7.516259E-01,-8.354469E-01,-5.947920E-01,-1.214101E-01,-4.484725E-01,-1.162855E-01,2.759627E-01,4.128887E-01,3.734241E-01,8.681991E-01,8.625182E-01
6.559682E-01,1.852140E-01,-4.673102E-01,-7.559189E-01,-8.386075E-01,-5.954445E-01,-1.198898E-01,-4.473257E-01,-1.176694E-01,2.788398E-01,4.156872E-01,3.739466E-01,8.564977E-01,8.491633E-01
6.520837E-01,1.850576E-01,-4.703490E-01,-7.602025E-01,-8.416941E-01,-5.960027E-01,-1.183670E-01,-4.460916E-01,-1.190845E-01,2.817671E-01,4.184880E-01,3.744118E-01,8.449497E-01,8.359835E-01
6.845833E-01,1.734267E-01,-4.522245E-01,-7.225582E-01,-8.105666E-01,-5.872150E-01,-1.350868E-01,-4.545203E-01,-9.410255E-02,2.611660E-01,3.935793E-01,3.678763E-01,9.917792E-01,9.992112E-01
6.814807E-01,1.735413E-01,-4.551764E-01,-7.267710E-01,-8.140660E-01,-5.884513E-01,-1.335878E-01,-4.541126E-01,-9.512908E-02,2.636830E-01,3.962535E-01,3.687464E-01,9.786971E-01,9.842805E-01
6.783051E-01,1.736334E-01,-4.581472E-01,-7.309919E-01,-8.175279E-01,-5.896250E-01,-1.320861E-01,-4.536374E-01,-9.617722E-02,2.662421E-01,3.989405E-01,3.695793E-01,9.657684E-01,9.695249E-01
6.750549E-01,1.737023E-01,-4.611364E-01,-7.352191E-01,-8.209487E-01,-5.907327E-01,-1.305819E-01,-4.530926E-01,-9.724763E-02,2.688440E-01,4.016392E-01,3.703728E-01,9.529931E-01,9.549444E-01
6.717284E-01,1.737470E-01,-4.641433E-01,-7.394506E-01,-8.243244E-01,-5.917711E-01,-1.290752E-01,-4.524762E-01,-9.834099E-02,2.714897E-01,4.043484E-01,3.711247E-01,9.403712E-01,9.405389E-01
6.683238E-01,1.737666E-01,-4.671673E-01,-7.436841E-01,-8.276508E-01,-5.927367E-01,-1.275659E-01,-4.517860E-01,-9.945799E-02,2.741798E-01,4.070666E-01,3.718330E-01,9.279027E-01,9.263086E-01
6.648396E-01,1.737601E-01,-4.702076E-01,-7.479174E-01,-8.309236E-01,-5.936259E-01,-1.260542E-01,-4.510199E-01,-1.005994E-01,2.769151E-01,4.097926E-01,3.724953E-01,9.155877E-01,9.122533E-01
6.612740E-01,1.737266E-01,-4.732635E-01,-7.521480E-01,-8.341380E-01,-5.944349E-01,-1.245401E-01,-4.501757E-01,-1.017659E-01,2.796964E-01,4.125248E-01,3.731092E-01,9.034261E-01,8.983732E-01
6.576252E-01,1.736649E-01,-4.763341E-01,-7.563731E-01,-8.372894E-01,-5.951599E-01,-1.230234E-01,-4.492512E-01,-1.029583E-01,2.825245E-01,4.152614E-01,3.736724E-01,8.914178E-01,8.846681E-01
6.538913E-01,1.735742E-01,-4.794183E-01,-7.605900E-01,-8.403725E-01,-5.957969E-01,-1.215044E-01,-4.482441E-01,-1.041774E-01,2.854001E-01,4.180007E-01,3.741822E-01,8.795630E-01,8.711381E-01
6.500707E-01,1.734533E-01,-4.825152E-01,-7.647955E-01,-8.433820E-01,-5.963417E-01,-1.199831E-01,-4.471522E-01,-1.054241E-01,2.883240E-01,4.207406E-01,3.746360E-01,8.678616E-01,8.577832E-01
6.461613E-01,1.733011E-01,-4.856237E-01,-7.689865E-01,-8.463123E-01,-5.967900E-01,-1.184593E-01,-4.459733E-01,-1.066992E-01,2.912969E-01,4.234791E-01,3.750312E-01,8.563136E-01,8.446035E-01
6.789859E-01,1.617283E-01,-4.665188E-01,-7.318007E-01,-8.163579E-01,-5.889610E-01,-1.351894E-01,-4.537389E-01,-8.304543E-02,2.699719E-01,3.988876E-01,3.691000E-01,1.003296E+00,1.008007E+00
6.758557E-01,1.618313E-01,-4.695365E-01,-7.359586E-01,-8.197460E-01,-5.901082E-01,-1.336894E-01,-4.533833E-01,-8.395486E-02,2.725363E-01,4.015272E-01,3.699140E-01,9.902141E-01,9.930765E-01
6.726528E-01,1.619134E-01,-4.725730E-01,-7.401210E-01,-8.230924E-01,-5.911908E-01,-1.321869E-01,-4.529606E-01,-8.488357E-02,2.751423E-01,4.041770E-01,3.706894E-01,9.772854E-01,9.783209E-01
6.693755E-01,1.619736E-01,-4.756279E-01,-7.442858E-01,-8.263934E-01,-5.922054E-01,-1.306818E-01,-4.524688E-01,-8.583214E-02,2.777906E-01,4.068358E-01,3.714241E-01,9.645102E-01,9.637404E-01
6.660222E-01,1.620111E-01,-4.787004E-01,-7.484510E-01,-8.296447E-01,-5.931487E-01,-1.291741E-01,-4.519059E-01,-8.680118E-02,2.804820E-01,4.095022E-01,3.721159E-01,9.518883E-01,9.493350E-01
6.625913E-01,1.620251E-01,-4.817900E-01,-7.526141E-01,-8.328423E-01,-5.940171E-01,-1.276639E-01,-4.512696E-01,-8.779133E-02,2.832171E-01,4.121748E-01,3.727626E-01,9.394198E-01,9.351046E-01
6.590811E-01,1.620147E-01,-4.848958E-01,-7.567727E-01,-8.359816E-01,-5.948071E-01,-1.261512E-01,-4.505578E-01,-8.880324E-02,2.859965E-01,4.148520E-01,3.733621E-01,9.271048E-01,9.210494E-01
6.554900E-01,1.619789E-01,-4.880170E-01,-7.609241E-01,-8.390578E-01,-5.955150E-01,-1.246361E-01,-4.497684E-01,-8.983759E-02,2.888211E-01,4.175323E-01,3.739118E-01,9.149431E-01,9.071692E-01
6.518161E-01,1.619168E-01,-4.911528E-01,-7.650656E-01,-8.420660E-01,-5.961369E-01,-1.231185E-01,-4.488990E-01,-9.089509E-02,2.916914E-01,4.202137E-01,3.744093E-01,9.029349E-01,8.934641E-01
6.480577E-01,1.618274E-01,-4.943021E-01,-7.691939E-01,-8.450011E-01,-5.966689E-01,-1.215985E-01,-4.479473E-01,-9.197648E-02,2.946081E-01,4.228943E-01,3.748522E-01,8.910801E-01,8.799342E-01
6.442131E-01,1.617097E-01,-4.974639E-01,-7.733061E-01,-8.478575E-01,-5.971067E-01,-1.200761E-01,-4.469111E-01,-9.308251E-02,2.975717E-01,4.255721E-01,3.752379E-01,8.793787E-01,8.665793E-01
6.402804E-01,1.615628E-01,-5.006371E-01,-7.773985E-01,-8.506295E-01,-5.974462E-01,-1.185514E-01,-4.457881E-01,-9.421398E-02,3.005830E-01,4.282446E-01,3.755635E-01,8.678307E-01,8.533995E-01
7.000971E-01,1.500390E-01,-4.805964E-01,-7.407364E-01,-8.218802E-01,-5.905750E-01,-1.352917E-01,-4.528828E-01,-7.192872E-02,2.785982E-01,4.040115E-01,3.702371E-01,1.014966E+00,1.016979E+00
6.968156E-01,1.501313E-01,-4.836757E-01,-7.448342E-01,-8.251544E-01,-5.916332E-01,-1.337908E-01,-4.525794E-01,-7.271903E-02,2.812049E-01,4.066132E-01,3.709950E-01,1.001884E+00,1.002049E+00
6.934586E-01,1.502040E-01,-4.867737E-01,-7.489328E-01,-8.283828E-01,-5.926248E-01,-1.322874E-01,-4.522096E-01,-7.352619E-02,2.838526E-01,4.092225E-01,3.717129E-01,9.889557E-01,9.872930E-01
6.900247E-01,1.502563E-01,-4.898899E-01,-7.530300E-01,-8.315614E-01,-5.935465E-01,-1.307813E-01,-4.517712E-01,-7.435071E-02,2.865418E-01,4.118380E-01,3.723888E-01,9.761804E-01,9.727125E-01
6.865121E-01,1.502875E-01,-4.930237E-01,-7.571235E-01,-8.346861E-01,-5.943949E-01,-1.292727E-01,-4.512622E-01,-7.519313E-02,2.892732E-01,4.144583E-01,3.730205E-01,9.635585E-01,9.583071E-01
6.829193E-01,1.502967E-01,-4.961743E-01,-7.612107E-01,-8.377525E-01,-5.951666E-01,-1.277615E-01,-4.506803E-01,-7.605402E-02,2.920474E-01,4.170818E-01,3.736059E-01,9.510901E-01,9.440767E-01
6.792445E-01,1.502832E-01,-4.993410E-01,-7.652892E-01,-8.407561E-01,-5.958580E-01,-1.262479E-01,-4.500234E-01,-7.693394E-02,2.948650E-01,4.197070E-01,3.741427E-01,9.387750E-01,9.300215E-01
6.754859E-01,1.502460E-01,-5.025229E-01,-7.693560E-01,-8.436919E-01,-5.964653E-01,-1.247318E-01,-4.492893E-01,-7.783350E-02,2.977266E-01,4.223319E-01,3.746284E-01,9.266134E-01,9.161413E-01
6.716419E-01,1.501843E-01,-5.057191E-01,-7.734081E-01,-8.465551E-01,-5.969848E-01,-1.232132E-01,-4.484755E-01,-7.875332E-02,3.006326E-01,4.249547E-01,3.750608E-01,9.146051E-01,9.024362E-01
6.677107E-01,1.500972E-01,-5.089286E-01,-7.774424E-01,-8.493402E-01,-5.974125E-01,-1.216923E-01,-4.475799E-01,-7.969406E-02,3.035836E-01,4.275733E-01,3.754372E-01,9.027503E-01,8.889063E-01
6.636904E-01,1.499838E-01,-5.121503E-01,-7.814554E-01,-8.520418E-01,-5.977443E-01,-1.201689E-01,-4.466001E-01,-8.065639E-02,3.065802E-01,4.301853E-01,3.757550E-01,8.910489E-01,8.755514E-01
6.595793E-01,1.498431E-01,-5.153832E-01,-7.854436E-01,-8.546539E-01,-5.979761E-01,-1.186432E-01,-4.455336E-01,-8.164102E-02,3.096226E-01,4.327885E-01,3.760117E-01,8.795010E-01,8.623716E-01
6.944099E-01,1.383598E-01,-4.944526E-01,-7.493678E-01,-8.271389E-01,-5.920607E-01,-1.353937E-01,-4.519498E-01,-6.076089E-02,2.870420E-01,4.089530E-01,3.712899E-01,1.026790E+00,1.026128E+00
6.911019E-01,1.384420E-01,-4.975892E-01,-7.534006E-01,-8.302968E-01,-5.930300E-01,-1.338919E-01,-4.516990E-01,-6.143035E-02,2.896860E-01,4.115137E-01,3.719917E-01,1.013708E+00,1.011197E+00
6.877188E-01,1.385060E-01,-5.007444E-01,-7.574304E-01,-8.334049E-01,-5.939308E-01,-1.323875E-01,-4.513823E-01,-6.211414E-02,2.923701E-01,4.140793E-01,3.726522E-01,1.000779E+00,9.964412E-01
6.842590E-01,1.385512E-01,-5.039176E-01,-7.614549E-01,-8.364590E-01,-5.947599E-01,-1.308806E-01,-4.509977E-01,-6.281272E-02,2.950948E-01,4.166484E-01,3.732694E-01,9.880038E-01,9.818607E-01
6.807211E-01,1.385768E-01,-5.071081E-01,-7.654716E-01,-8.394548E-01,-5.955139E-01,-1.293710E-01,-4.505430E-01,-6.352653E-02,2.978607E-01,4.192194E-01,3.738412E-01,9.753819E-01,9.674552E-01
6.771032E-01,1.385821E-01,-5.103151E-01,-7.694779E-01,-8.423880E-01,-5.961893E-01,-1.278589E-01,-4.500160E-01,-6.425607E-02,3.006683E-01,4.217907E-01,3.743655E-01,9.629135E-01,9.532249E-01
6.734039E-01,1.385663E-01,-5.135380E-01,-7.734709E-01,-8.452539E-01,-5.967826E-01,-1.263443E-01,-4.494145E-01,-6.500182E-02,3.035180E-01,4.243605E-01,3.748398E-01,9.505984E-01,9.391696E-01
6.696213E-01,1.385286E-01,-5.167757E-01,-7.774478E-01,-8.480476E-01,-5.972901E-01,-1.248273E-01,-4.487361E-01,-6.576431E-02,3.064103E-01,4.269269E-01,3.752620E-01,9.384368E-01,9.252895E-01
6.657538E-01,1.384682E-01,-5.200274E-01,-7.814054E-01,-8.507639E-01,-5.977080E-01,-1.233077E-01,-4.479786E-01,-6.654406E-02,3.093457E-01,4.294879E-01,3.756295E-01,9.264285E-01,9.115844E-01
6.617997E-01,1.383842E-01,-5.232921E-01,-7.853402E-01,-8.533975E-01,-5.980323E-01,-1.217858E-01,-4.471396E-01,-6.734165E-02,3.123245E-01,4.320411E-01,3.759399E-01,9.145737E-01,8.980544E-01
6.577573E-01,1.382759E-01,-5.265687E-01,-7.892488E-01,-8.559427E-01,-5.982591E-01,-1.202614E-01,-4.462167E-01,-6.815765E-02,3.153470E-01,4.345844E-01,3.761906E-01,9.028723E-01,8.846996E-01
6.536246E-01,1.381424E-01,-5.298559E-01,-7.931272E-01,-8.583937E-01,-5.983841E-01,-1.187347E-01,-4.452076E-01,-6.899266E-02,3.184135E-01,4.371150E-01,3.763789E-01,8.913244E-01,8.715198E-01
6.887515E-01,1.266882E-01,-5.080830E-01,-7.576981E-01,-8.321392E-01,-5.934217E-01,-1.354954E-01,-4.509379E-01,-4.955057E-02,2.953010E-01,4.137143E-01,3.722609E-01,1.038766E+00,1.035452E+00
6.854183E-01,1.267610E-01,-5.112727E-01,-7.616611E-01,-8.351788E-01,-5.943024E-01,-1.339927E-01,-4.507399E-01,-5.009772E-02,2.979772E-01,4.162310E-01,3.729065E-01,1.025684E+00,1.020521E+00
6.820103E-01,1.268171E-01,-5.144806E-01,-7.656173E-01,-8.381644E-01,-5.951127E-01,-1.324874E-01,-4.504767E-01,-5.065664E-02,3.006925E-01,4.187500E-01,3.735097E-01,1.012756E+00,1.005765E+00
6.785260E-01,1.268558E-01,-5.177062E-01,-7.695642E-01,-8.410920E-01,-5.958496E-01,-1.309795E-01,-4.501462E-01,-5.122769E-02,3.034473E-01,4.212696E-01,3.740684E-01,9.999803E-01,9.911849E-01
6.749640E-01,1.268765E-01,-5.209488E-01,-7.734992E-01,-8.439571E-01,-5.965096E-01,-1.294690E-01,-4.497462E-01,-5.181124E-02,3.062422E-01,4.237883E-01,3.745806E-01,9.873585E-01,9.767795E-01
6.713225E-01,1.268786E-01,-5.242076E-01,-7.774195E-01,-8.467553E-01,-5.970894E-01,-1.279560E-01,-4.492744E-01,-5.240769E-02,3.090774E-01,4.263044E-01,3.750439E-01,9.748900E-01,9.625491E-01
6.676000E-01,1.268612E-01,-5.274818E-01,-7.813223E-01,-8.494818E-01,-5.975852E-01,-1.264405E-01,-4.487286E-01,-5.301746E-02,3.119533E-01,4.288159E-01,3.754562E-01,9.625750E-01,9.484939E-01
6.637949E-01,1.268237E-01,-5.307705E-01,-7.852043E-01,-8.521317E-01,-5.979936E-01,-1.249225E-01,-4.481065E-01,-5.364096E-02,3.148703E-01,4.313208E-01,3.758152E-01,9.504133E-01,9.346137E-01
6.599054E-01,1.267654E-01,-5.340727E-01,-7.890622E-01,-8.546997E-01,-5.983107E-01,-1.234020E-01,-4.474058E-01,-5.427865E-02,3.178287E-01,4.338169E-01,3.761183E-01,9.384051E-01,9.209087E-01
6.559299E-01,1.266855E-01,-5.373874E-01,-7.928926E-01,-8.571804E-01,-5.985326E-01,-1.218790E-01,-4.466240E-01,-5.493098E-02,3.208286E-01,4.363019E-01,3.763632E-01,9.265503E-01,9.073787E-01
6.518668E-01,1.265831E-01,-5.407135E-01,-7.966916E-01,-8.595682E-01,-5.986554E-01,-1.203537E-01,-4.457587E-01,-5.559845E-02,3.238704E-01,4.387733E-01,3.765473E-01,9.148489E-01,8.940238E-01
6.477142E-01,1.264576E-01,-5.440499E-01,-8.004554E-01,-8.618570E-01,-5.986749E-01,-1.188260E-01,-4.448076E-01,-5.628154E-02,3.269541E-01,4.412285E-01,3.766680E-01,9.033009E-01,8.808440E-01
6.831226E-01,1.150319E-01,-5.214835E-01,-7.657303E-01,-8.368867E-01,-5.946616E-01,-1.355968E-01,-4.498451E-01,-3.831147E-02,3.033731E-01,4.182977E-01,3.731522E-01,1.050896E+00,1.044952E+00
6.797654E-01,1.150958E-01,-5.247218E-01,-7.696190E-01,-8.398059E-01,-5.954539E-01,-1.340932E-01,-4.497001E-01,-3.873523E-02,3.060765E-01,4.207676E-01,3.737419E-01,1.037814E+00,1.030021E+00
6.763338E-01,1.151445E-01,-5.279780E-01,-7.734970E-01,-8.426673E-01,-5.961743E-01,-1.325870E-01,-4.494907E-01,-3.916812E-02,3.088178E-01,4.232371E-01,3.742879E-01,1.024885E+00,1.015266E+00
6.728263E-01,1.151774E-01,-5.312514E-01,-7.773617E-01,-8.454666E-01,-5.968194E-01,-1.310782E-01,-4.492145E-01,-3.961042E-02,3.115975E-01,4.257045E-01,3.747884E-01,1.012110E+00,1.000685E+00
6.692415E-01,1.151940E-01,-5.345414E-01,-7.812104E-01,-8.481993E-01,-5.973860E-01,-1.295668E-01,-4.488695E-01,-4.006244E-02,3.144157E-01,4.281681E-01,3.752411E-01,9.994882E-01,9.862798E-01
6.655778E-01,1.151934E-01,-5.378471E-01,-7.850401E-01,-8.508609E-01,-5.978706E-01,-1.280528E-01,-4.484533E-01,-4.052449E-02,3.172729E-01,4.306261E-01,3.756439E-01,9.870197E-01,9.720495E-01
6.618335E-01,1.151752E-01,-5.411678E-01,-7.888478E-01,-8.534466E-01,-5.982698E-01,-1.265364E-01,-4.479637E-01,-4.099688E-02,3.201691E-01,4.330764E-01,3.759945E-01,9.747047E-01,9.579942E-01
6.580072E-01,1.151387E-01,-5.445024E-01,-7.926302E-01,-8.559513E-01,-5.985799E-01,-1.250174E-01,-4.473984E-01,-4.147995E-02,3.231048E-01,4.355170E-01,3.762907E-01,9.625430E-01,9.441141E-01
6.540971E-01,1.150832E-01,-5.478500E-01,-7.963838E-01,-8.583699E-01,-5.987972E-01,-1.234959E-01,-4.467549E-01,-4.197404E-02,3.260799E-01,4.379455E-01,3.765300E-01,9.505348E-01,9.304090E-01
6.501017E-01,1.150080E-01,-5.512095E-01,-8.001050E-01,-8.606966E-01,-5.989177E-01,-1.219720E-01,-4.460308E-01,-4.247952E-02,3.290947E-01,4.403595E-01,3.767100E-01,9.386800E-01,9.168790E-01
6.460194E-01,1.149124E-01,-5.545798E-01,-8.037897E-01,-8.629260E-01,-5.989377E-01,-1.204457E-01,-4.452237E-01,-4.299676E-02,3.321491E-01,4.427563E-01,3.768282E-01,9.269786E-01,9.035241E-01
6.418483E-01,1.147957E-01,-5.579597E-01,-8.074340E-01,-8.650518E-01,-5.988529E-01,-1.189170E-01,-4.443311E-01,-4.352616E-02,3.352431E-01,4.451334E-01,3.768819E-01,9.154306E-01,8.903443E-01
6.775240E-01,1.033882E-01,-5.346500E-01,-7.734678E-01,-8.413867E-01,-5.957840E-01,-1.356978E-01,-4.486693E-01,-2.704245E-02,3.112566E-01,4.227057E-01,3.739662E-01,1.063179E+00,1.054628E+00
6.741440E-01,1.034439E-01,-5.379325E-01,-7.772779E-01,-8.441840E-01,-5.964883E-01,-1.341934E-01,-4.485775E-01,-2.734189E-02,3.139822E-01,4.251261E-01,3.745000E-01,1.050097E+00,1.039698E+00
6.706900E-01,1.034858E-01,-5.412324E-01,-7.810733E-01,-8.469195E-01,-5.971190E-01,-1.326863E-01,-4.484220E-01,-2.764780E-02,3.167445E-01,4.275434E-01,3.749892E-01,1.037168E+00,1.024942E+00
6.671606E-01,1.035135E-01,-5.445490E-01,-7.848514E-01,-8.495889E-01,-5.976730E-01,-1.311765E-01,-4.482004E-01,-2.796038E-02,3.195436E-01,4.299560E-01,3.754316E-01,1.024393E+00,1.010362E+00
6.635543E-01,1.035264E-01,-5.478816E-01,-7.886094E-01,-8.521877E-01,-5.981468E-01,-1.296642E-01,-4.479107E-01,-2.827984E-02,3.223798E-01,4.323618E-01,3.758252E-01,1.011771E+00,9.959562E-01
6.598696E-01,1.035240E-01,-5.512294E-01,-7.923441E-01,-8.547114E-01,-5.985371E-01,-1.281493E-01,-4.475504E-01,-2.860639E-02,3.252533E-01,4.347591E-01,3.761679E-01,9.993026E-01,9.817259E-01
6.561049E-01,1.035056E-01,-5.545915E-01,-7.960523E-01,-8.571551E-01,-5.988404E-01,-1.266319E-01,-4.471174E-01,-2.894027E-02,3.281642E-01,4.371456E-01,3.764573E-01,9.869876E-01,9.676706E-01
6.522588E-01,1.034707E-01,-5.579669E-01,-7.997307E-01,-8.595136E-01,-5.990531E-01,-1.251120E-01,-4.466092E-01,-2.928171E-02,3.311126E-01,4.395193E-01,3.766912E-01,9.748259E-01,9.537905E-01
6.483296E-01,1.034187E-01,-5.613546E-01,-8.033755E-01,-8.617816E-01,-5.991715E-01,-1.235896E-01,-4.460234E-01,-2.963097E-02,3.340984E-01,4.418776E-01,3.768673E-01,9.628177E-01,9.400854E-01
6.443157E-01,1.033489E-01,-5.647536E-01,-8.069830E-01,-8.639536E-01,-5.991918E-01,-1.220647E-01,-4.453576E-01,-2.998828E-02,3.371216E-01,4.442180E-01,3.769830E-01,9.509629E-01,9.265554E-01
6.402156E-01,1.032608E-01,-5.681627E-01,-8.105491E-01,-8.660238E-01,-5.991101E-01,-1.205374E-01,-4.446092E-01,-3.035394E-02,3.401822E-01,4.465379E-01,3.770359E-01,9.392615E-01,9.132005E-01
6.360276E-01,1.031537E-01,-5.715805E-01,-8.140695E-01,-8.679862E-01,-5.989224E-01,-1.190078E-01,-4.437758E-01,-3.072820E-02,3.432799E-01,4.488343E-01,3.770234E-01,9.277135E-01,9.000207E-01
